<?xml version="1.0" encoding="UTF-8" standalone="no"?>
<project>
	<configuration id="%com.renesas.cdt.rx.hardwaredebug.win32.configuration.Id.420935881" name="HardwareDebug">
		<extension point="org.eclipse.cdt.core.LanguageSettingsProvider">
			<provider copy-of="extension" id="org.eclipse.cdt.ui.UserLanguageSettingsProvider"/>
			<provider class="com.renesas.cdt.common.build.spec.RXGCCBuiltinSpecsDetector" console="false" env-hash="668737340302188245" id="RXGCCBuiltinSpecsDetector" keep-relative-paths="false" name="Renesas GCCBuildinCompilerSettings" options-hash="1410121582" parameter="rx-elf-gcc -E -P -v -dD ${INPUTS}" prefer-non-shared="true">
				<language-scope id="org.eclipse.cdt.core.gcc"/>
				<language-scope id="org.eclipse.cdt.core.g++"/>
			</provider>
			<provider-reference id="org.eclipse.cdt.managedbuilder.core.MBSLanguageSettingsProvider" ref="shared-provider"/>
		</extension>
	</configuration>
</project>
