<?xml version="1.0" encoding="UTF-8"?>
<configurationDescriptor version="62">
  <logicalFolder name="root" displayName="root" projectFiles="true">
    <logicalFolder name="HeaderFiles"
                   displayName="Header Files"
                   projectFiles="true">
      <logicalFolder name="kernel" displayName="FreeRTOS Source" projectFiles="true">
        <logicalFolder name="include" displayName="include" projectFiles="true">
          <itemPath>../../../Source/include/FreeRTOS.h</itemPath>
          <itemPath>../../../Source/include/StackMacros.h</itemPath>
          <itemPath>../../../Source/include/croutine.h</itemPath>
          <itemPath>../../../Source/include/event_groups.h</itemPath>
          <itemPath>../../../Source/include/list.h</itemPath>
          <itemPath>../../../Source/include/mpu_wrappers.h</itemPath>
          <itemPath>../../../Source/include/portable.h</itemPath>
          <itemPath>../../../Source/include/projdefs.h</itemPath>
          <itemPath>../../../Source/include/queue.h</itemPath>
          <itemPath>../../../Source/include/semphr.h</itemPath>
          <itemPath>../../../Source/include/task.h</itemPath>
          <itemPath>../../../Source/include/timers.h</itemPath>
        </logicalFolder>
        <logicalFolder name="portable" displayName="portable" projectFiles="true">
          <logicalFolder name="MPLAB" displayName="MPLAB" projectFiles="true">
            <logicalFolder name="MEC14XX" displayName="MEC14XX" projectFiles="true">
              <itemPath>../../../Source/portable/MPLAB/PIC32MEC14xx/ISR_Support.h</itemPath>
              <itemPath>../../../Source/portable/MPLAB/PIC32MEC14xx/portmacro.h</itemPath>
            </logicalFolder>
          </logicalFolder>
        </logicalFolder>
      </logicalFolder>
      <logicalFolder name="incs" displayName="incs" projectFiles="true">
        <logicalFolder name="crypto" displayName="crypto" projectFiles="true">
          <itemPath>../src/incs/crypto/aes.h</itemPath>
          <itemPath>../src/incs/crypto/crypto.h</itemPath>
          <itemPath>../src/incs/crypto/error.h</itemPath>
          <itemPath>../src/incs/crypto/logging.h</itemPath>
          <itemPath>../src/incs/crypto/memory.h</itemPath>
          <itemPath>../src/incs/crypto/misc.h</itemPath>
          <itemPath>../src/incs/crypto/port.h</itemPath>
          <itemPath>../src/incs/crypto/settings.h</itemPath>
          <itemPath>../src/incs/crypto/sha256.h</itemPath>
          <itemPath>../src/incs/crypto/types.h</itemPath>
          <itemPath>../src/incs/crypto/version.h</itemPath>
          <itemPath>../src/incs/crypto/visibility.h</itemPath>
        </logicalFolder>
        <logicalFolder name="MEC14xx" displayName="MEC14xx" projectFiles="true">
          <itemPath>../src/include/MEC14xx/mec14xx.h</itemPath>
          <itemPath>../src/include/MEC14xx/mec14xx_bbled.h</itemPath>
          <itemPath>../src/include/MEC14xx/mec14xx_girqm.h</itemPath>
          <itemPath>../src/include/MEC14xx/mec14xx_girqs.h</itemPath>
          <itemPath>../src/include/MEC14xx/mec14xx_gpio.h</itemPath>
          <itemPath>../src/include/MEC14xx/mec14xx_jtvic.h</itemPath>
          <itemPath>../src/include/MEC14xx/mec14xx_pcr.h</itemPath>
          <itemPath>../src/include/MEC14xx/mec14xx_system.h</itemPath>
          <itemPath>../src/include/MEC14xx/mec14xx_tfdp.h</itemPath>
          <itemPath>../src/include/MEC14xx/mec14xx_timers.h</itemPath>
          <itemPath>../src/include/MEC14xx/mec14xx_trace_func.h</itemPath>
          <itemPath>../src/include/MEC14xx/mec14xx_trace_inline.h</itemPath>
        </logicalFolder>
        <itemPath>../src/incs/apptasks.h</itemPath>
        <itemPath>../src/incs/dbg_dump.h</itemPath>
        <itemPath>../src/incs/mipscpu.h</itemPath>
        <itemPath>../src/incs/system_config.h</itemPath>
        <itemPath>../src/include/appcfg.h</itemPath>
        <itemPath>../src/include/platform.h</itemPath>
      </logicalFolder>
      <itemPath>../src/FreeRTOSConfig.h</itemPath>
    </logicalFolder>
    <logicalFolder name="LinkerScript"
                   displayName="Linker Files"
                   projectFiles="true">
      <itemPath>../linkfile/custom_pMEC1404.ld</itemPath>
    </logicalFolder>
    <logicalFolder name="SourceFiles"
                   displayName="Source Files"
                   projectFiles="true">
      <logicalFolder name="src" displayName="src" projectFiles="true">
        <logicalFolder name="f3" displayName="Blinky_Demo" projectFiles="true">
          <itemPath>../src/Blinky_Demo/main_blinky.c</itemPath>
        </logicalFolder>
        <logicalFolder name="f2" displayName="FreeRTOS Source" projectFiles="true">
          <logicalFolder name="f1" displayName="portable" projectFiles="true">
            <logicalFolder name="f1" displayName="MemMang" projectFiles="true">
              <itemPath>../../../Source/portable/MemMang/heap_2.c</itemPath>
            </logicalFolder>
            <logicalFolder name="f2" displayName="MPLAB" projectFiles="true">
              <logicalFolder name="f1" displayName="PIC32MEC14xx" projectFiles="true">
                <itemPath>../../../Source/portable/MPLAB/PIC32MEC14xx/port.c</itemPath>
                <itemPath>../../../Source/portable/MPLAB/PIC32MEC14xx/port_asm.S</itemPath>
              </logicalFolder>
            </logicalFolder>
          </logicalFolder>
          <itemPath>../../../Source/event_groups.c</itemPath>
          <itemPath>../../../Source/list.c</itemPath>
          <itemPath>../../../Source/queue.c</itemPath>
          <itemPath>../../../Source/tasks.c</itemPath>
          <itemPath>../../../Source/timers.c</itemPath>
        </logicalFolder>
        <logicalFolder name="f4" displayName="Full_Demo" projectFiles="true">
          <logicalFolder name="f1" displayName="Standard_Demo_Tasks" projectFiles="true">
            <itemPath>../../Common/Minimal/blocktim.c</itemPath>
            <itemPath>../../Common/Minimal/countsem.c</itemPath>
            <itemPath>../../Common/Minimal/dynamic.c</itemPath>
            <itemPath>../../Common/Minimal/EventGroupsDemo.c</itemPath>
            <itemPath>../../Common/Minimal/GenQTest.c</itemPath>
            <itemPath>../../Common/Minimal/IntQueue.c</itemPath>
            <itemPath>../../Common/Minimal/IntSemTest.c</itemPath>
            <itemPath>../../Common/Minimal/recmutex.c</itemPath>
            <itemPath>../../Common/Minimal/semtest.c</itemPath>
            <itemPath>../../Common/Minimal/TaskNotify.c</itemPath>
            <itemPath>../../Common/Minimal/TimerDemo.c</itemPath>
          </logicalFolder>
          <itemPath>../src/Full_Demo/IntQueueTimer.c</itemPath>
          <itemPath>../src/Full_Demo/IntQueueTimer.h</itemPath>
          <itemPath>../src/Full_Demo/IntQueueTimer_isr.S</itemPath>
          <itemPath>../src/Full_Demo/main_full.c</itemPath>
          <itemPath>../src/Full_Demo/timertest.c</itemPath>
          <itemPath>../src/Full_Demo/RegisterTestTasks.S</itemPath>
        </logicalFolder>
        <logicalFolder name="MEC14xx" displayName="MEC14xx" projectFiles="true">
          <logicalFolder name="exceptions" displayName="exceptions" projectFiles="true">
            <logicalFolder name="MPLAB" displayName="MPLAB" projectFiles="true">
              <itemPath>../src/MEC14xx/exceptions/MPLAB/general_exception.c</itemPath>
              <itemPath>../src/MEC14xx/exceptions/MPLAB/general_exception_ctx.S</itemPath>
            </logicalFolder>
          </logicalFolder>
          <logicalFolder name="interrupts" displayName="interrupts" projectFiles="true">
            <itemPath>../src/MEC14xx/interrupts/girq08.c</itemPath>
            <itemPath>../src/MEC14xx/interrupts/girq09.c</itemPath>
            <itemPath>../src/MEC14xx/interrupts/girq10.c</itemPath>
            <itemPath>../src/MEC14xx/interrupts/girq11.c</itemPath>
            <itemPath>../src/MEC14xx/interrupts/girq12.c</itemPath>
            <itemPath>../src/MEC14xx/interrupts/girq13.c</itemPath>
            <itemPath>../src/MEC14xx/interrupts/girq14.c</itemPath>
            <itemPath>../src/MEC14xx/interrupts/girq15.c</itemPath>
            <itemPath>../src/MEC14xx/interrupts/girq16.c</itemPath>
            <itemPath>../src/MEC14xx/interrupts/girq17.c</itemPath>
            <itemPath>../src/MEC14xx/interrupts/girq18.c</itemPath>
            <itemPath>../src/MEC14xx/interrupts/girq19.c</itemPath>
            <itemPath>../src/MEC14xx/interrupts/girq20.c</itemPath>
            <itemPath>../src/MEC14xx/interrupts/girq21.c</itemPath>
            <itemPath>../src/MEC14xx/interrupts/girq22.c</itemPath>
            <itemPath>../src/MEC14xx/interrupts/girq23.c</itemPath>
            <itemPath>../src/MEC14xx/interrupts/girq24.c</itemPath>
            <itemPath>../src/MEC14xx/interrupts/girq25.c</itemPath>
            <itemPath>../src/MEC14xx/interrupts/girq26.c</itemPath>
            <itemPath>../src/MEC14xx/interrupts/girqs.c</itemPath>
            <itemPath>../src/MEC14xx/interrupts/girq08d.S</itemPath>
            <itemPath>../src/MEC14xx/interrupts/girq09d.S</itemPath>
            <itemPath>../src/MEC14xx/interrupts/girq10d.S</itemPath>
            <itemPath>../src/MEC14xx/interrupts/girq11d.S</itemPath>
            <itemPath>../src/MEC14xx/interrupts/girq12d.S</itemPath>
            <itemPath>../src/MEC14xx/interrupts/girq13d.S</itemPath>
            <itemPath>../src/MEC14xx/interrupts/girq14d.S</itemPath>
            <itemPath>../src/MEC14xx/interrupts/girq15d.S</itemPath>
            <itemPath>../src/MEC14xx/interrupts/girq16d.S</itemPath>
            <itemPath>../src/MEC14xx/interrupts/girq17d.S</itemPath>
            <itemPath>../src/MEC14xx/interrupts/girq18d.S</itemPath>
            <itemPath>../src/MEC14xx/interrupts/girq19d.S</itemPath>
            <itemPath>../src/MEC14xx/interrupts/girq20d.S</itemPath>
            <itemPath>../src/MEC14xx/interrupts/girq21d.S</itemPath>
            <itemPath>../src/MEC14xx/interrupts/girq22d.S</itemPath>
            <itemPath>../src/MEC14xx/interrupts/girq23d.S</itemPath>
            <itemPath>../src/MEC14xx/interrupts/girq24d.S</itemPath>
            <itemPath>../src/MEC14xx/interrupts/girq25d.S</itemPath>
            <itemPath>../src/MEC14xx/interrupts/girq26d.S</itemPath>
          </logicalFolder>
          <logicalFolder name="startup" displayName="startup" projectFiles="true">
            <logicalFolder name="MPLAB" displayName="MPLAB" projectFiles="true">
              <itemPath>../src/MEC14xx/startup/MPLAB/default-on-bootstrap.c</itemPath>
              <itemPath>../src/MEC14xx/startup/MPLAB/on_reset.c</itemPath>
              <itemPath>../src/MEC14xx/startup/MPLAB/crt0.S</itemPath>
              <itemPath>../src/MEC14xx/startup/MPLAB/crti.S</itemPath>
              <itemPath>../src/MEC14xx/startup/MPLAB/crtn.S</itemPath>
            </logicalFolder>
          </logicalFolder>
          <itemPath>../src/MEC14xx/mec14xx_bbled.c</itemPath>
          <itemPath>../src/MEC14xx/mec14xx_gpio.c</itemPath>
          <itemPath>../src/MEC14xx/mec14xx_jtvic.c</itemPath>
          <itemPath>../src/MEC14xx/mec14xx_system.c</itemPath>
          <itemPath>../src/MEC14xx/mec14xx_tfdp.c</itemPath>
          <itemPath>../src/MEC14xx/mec14xx_timers.c</itemPath>
        </logicalFolder>
        <itemPath>../src/main.c</itemPath>
      </logicalFolder>
    </logicalFolder>
    <logicalFolder name="ExternalFiles"
                   displayName="Important Files"
                   projectFiles="false">
      <itemPath>Makefile</itemPath>
    </logicalFolder>
  </logicalFolder>
  <sourceRootList>
    <Elem>../linkfile</Elem>
    <Elem>../src</Elem>
    <Elem>../../../Source</Elem>
    <Elem>../../Common/Minimal</Elem>
  </sourceRootList>
  <projectmakefile>Makefile</projectmakefile>
  <confs>
    <conf name="default" type="2">
      <toolsSet>
        <developmentServer>localhost</developmentServer>
        <targetDevice>MEC1404</targetDevice>
        <targetHeader></targetHeader>
        <targetPluginBoard></targetPluginBoard>
        <platformTool>ICD3PlatformTool</platformTool>
        <languageToolchain>XC32</languageToolchain>
        <languageToolchainVersion>1.33</languageToolchainVersion>
        <platform>3</platform>
      </toolsSet>
      <compileType>
        <linkerTool>
          <linkerLibItems>
          </linkerLibItems>
        </linkerTool>
        <archiverTool>
        </archiverTool>
        <loading>
          <useAlternateLoadableFile>false</useAlternateLoadableFile>
          <parseOnProdLoad>true</parseOnProdLoad>
          <alternateLoadableFile></alternateLoadableFile>
        </loading>
      </compileType>
      <makeCustomizationType>
        <makeCustomizationPreStepEnabled>false</makeCustomizationPreStepEnabled>
        <makeCustomizationPreStep></makeCustomizationPreStep>
        <makeCustomizationPostStepEnabled>false</makeCustomizationPostStepEnabled>
        <makeCustomizationPostStep></makeCustomizationPostStep>
        <makeCustomizationPutChecksumInUserID>false</makeCustomizationPutChecksumInUserID>
        <makeCustomizationEnableLongLines>false</makeCustomizationEnableLongLines>
        <makeCustomizationNormalizeHexFile>false</makeCustomizationNormalizeHexFile>
      </makeCustomizationType>
      <C32>
        <property key="additional-warnings" value="false"/>
        <property key="enable-app-io" value="false"/>
        <property key="enable-omit-frame-pointer" value="false"/>
        <property key="enable-symbols" value="true"/>
        <property key="enable-unroll-loops" value="false"/>
        <property key="exclude-floating-point" value="false"/>
        <property key="extra-include-directories"
                  value="..\src;..\src\include;..\..\..\Source\include;..\..\..\Source\portable\MPLAB\PIC32MEC14xx;..\src\MEC14xx;..\..\Common\include;..\src\Full_Demo"/>
        <property key="generate-16-bit-code" value="false"/>
        <property key="generate-micro-compressed-code" value="true"/>
        <property key="isolate-each-function" value="true"/>
        <property key="make-warnings-into-errors" value="false"/>
        <property key="optimization-level" value=""/>
        <property key="place-data-into-section" value="false"/>
        <property key="post-instruction-scheduling" value="default"/>
        <property key="pre-instruction-scheduling" value="default"/>
        <property key="preprocessor-macros" value=""/>
        <property key="strict-ansi" value="false"/>
        <property key="support-ansi" value="false"/>
        <property key="use-cci" value="false"/>
        <property key="use-iar" value="false"/>
        <property key="use-indirect-calls" value="false"/>
        <appendMe value="-D__DEBUG -Wall -Wextra"/>
      </C32>
      <C32-AR>
        <property key="additional-options-chop-files" value="false"/>
      </C32-AR>
      <C32-AS>
        <property key="assembler-symbols" value=""/>
        <property key="enable-symbols" value="true"/>
        <property key="exclude-floating-point-library" value="false"/>
        <property key="expand-macros" value="false"/>
        <property key="extra-include-directories-for-assembler" value=""/>
        <property key="extra-include-directories-for-preprocessor"
                  value="..\src;..\src\include;..\src\MEC14xx;..\..\..\Source\include;..\..\..\Source\portable\MPLAB\PIC32MEC14xx"/>
        <property key="false-conditionals" value="false"/>
        <property key="keep-locals" value="false"/>
        <property key="list-assembly" value="false"/>
        <property key="list-source" value="false"/>
        <property key="list-symbols" value="false"/>
        <property key="oXC32asm-list-to-file" value="false"/>
        <property key="omit-debug-dirs" value="false"/>
        <property key="omit-forms" value="false"/>
        <property key="preprocessor-macros" value=""/>
        <property key="warning-level" value=""/>
      </C32-AS>
      <C32-LD>
        <property key="additional-options-use-response-files" value="false"/>
        <property key="enable-check-sections" value="false"/>
        <property key="exclude-floating-point-library" value="false"/>
        <property key="exclude-standard-libraries" value="false"/>
        <property key="extra-lib-directories" value=""/>
        <property key="fill-flash-options-addr" value=""/>
        <property key="fill-flash-options-const" value=""/>
        <property key="fill-flash-options-how" value="0"/>
        <property key="fill-flash-options-inc-const" value="1"/>
        <property key="fill-flash-options-increment" value=""/>
        <property key="fill-flash-options-seq" value=""/>
        <property key="fill-flash-options-what" value="0"/>
        <property key="generate-16-bit-code" value="false"/>
        <property key="generate-cross-reference-file" value="false"/>
        <property key="generate-micro-compressed-code" value="true"/>
        <property key="heap-size" value=""/>
        <property key="input-libraries" value=""/>
        <property key="linker-symbols" value=""/>
        <property key="map-file" value="${DISTDIR}/${PROJECTNAME}.${IMAGE_TYPE}.map"/>
        <property key="no-startup-files" value="true"/>
        <property key="oXC32ld-extra-opts" value=""/>
        <property key="optimization-level" value=""/>
        <property key="preprocessor-macros" value=""/>
        <property key="remove-unused-sections" value="false"/>
        <property key="report-memory-usage" value="true"/>
        <property key="stack-size" value="2048"/>
        <property key="symbol-stripping" value=""/>
        <property key="trace-symbols" value=""/>
        <property key="warn-section-align" value="false"/>
        <appendMe value="--verbose"/>
      </C32-LD>
      <C32CPP>
        <property key="additional-warnings" value="false"/>
        <property key="check-new" value="false"/>
        <property key="eh-specs" value="false"/>
        <property key="enable-app-io" value="false"/>
        <property key="enable-omit-frame-pointer" value="false"/>
        <property key="enable-symbols" value="true"/>
        <property key="enable-unroll-loops" value="false"/>
        <property key="exceptions" value="false"/>
        <property key="exclude-floating-point" value="false"/>
        <property key="extra-include-directories"
                  value="..\src\incs;..\..\..\Source\include;..\..\..\Source\portable\MPLAB\PIC32MEC14xx"/>
        <property key="generate-16-bit-code" value="false"/>
        <property key="generate-micro-compressed-code" value="true"/>
        <property key="isolate-each-function" value="true"/>
        <property key="make-warnings-into-errors" value="false"/>
        <property key="optimization-level" value=""/>
        <property key="place-data-into-section" value="false"/>
        <property key="post-instruction-scheduling" value="default"/>
        <property key="pre-instruction-scheduling" value="default"/>
        <property key="preprocessor-macros" value=""/>
        <property key="rtti" value="false"/>
        <property key="strict-ansi" value="false"/>
        <property key="use-cci" value="false"/>
        <property key="use-iar" value="false"/>
        <property key="use-indirect-calls" value="false"/>
      </C32CPP>
      <C32Global>
        <property key="common-include-directories" value=""/>
        <property key="gp-relative-option" value=""/>
        <property key="legacy-libc" value="false"/>
        <property key="relaxed-math" value="false"/>
        <property key="save-temps" value="false"/>
        <property key="wpo-lto" value="false"/>
      </C32Global>
      <ICD3PlatformTool>
        <property key="AutoSelectMemRanges" value="auto"/>
        <property key="SecureSegment.SegmentProgramming" value="FullChipProgramming"/>
        <property key="ToolFirmwareFilePath"
                  value="Press to browse for a specific firmware version"/>
        <property key="ToolFirmwareOption.UseLatestFirmware" value="true"/>
        <property key="debugoptions.useswbreakpoints" value="false"/>
        <property key="hwtoolclock.frcindebug" value="false"/>
        <property key="memories.aux" value="false"/>
        <property key="memories.bootflash" value="false"/>
        <property key="memories.configurationmemory" value="true"/>
        <property key="memories.configurationmemory2" value="true"/>
        <property key="memories.dataflash" value="true"/>
        <property key="memories.eeprom" value="true"/>
        <property key="memories.flashdata" value="true"/>
        <property key="memories.id" value="true"/>
        <property key="memories.programmemory" value="true"/>
        <property key="memories.programmemory.end" value="0x1fd17fff"/>
        <property key="memories.programmemory.partition2" value="true"/>
        <property key="memories.programmemory.partition2.end"
                  value="${memories.programmemory.partition2.end.value}"/>
        <property key="memories.programmemory.partition2.start"
                  value="${memories.programmemory.partition2.start.value}"/>
        <property key="memories.programmemory.start" value="0x1fd00000"/>
        <property key="poweroptions.powerenable" value="false"/>
        <property key="programoptions.donoteraseauxmem" value="false"/>
        <property key="programoptions.eraseb4program" value="true"/>
        <property key="programoptions.preservedataflash" value="false"/>
        <property key="programoptions.preserveeeprom" value="false"/>
        <property key="programoptions.preserveprogramrange" value="false"/>
        <property key="programoptions.preserveprogramrange.end" value="0x1fd17fff"/>
        <property key="programoptions.preserveprogramrange.start" value="0x1fd00000"/>
        <property key="programoptions.preserveuserid" value="false"/>
        <property key="programoptions.programcalmem" value="false"/>
        <property key="programoptions.programuserotp" value="false"/>
        <property key="programoptions.testmodeentrymethod" value="VPPFirst"/>
        <property key="programoptions.usehighvoltageonmclr" value="false"/>
        <property key="programoptions.uselvpprogramming" value="false"/>
        <property key="voltagevalue" value="3.25"/>
      </ICD3PlatformTool>
      <RealICEPlatformTool>
        <property key="AutoSelectMemRanges" value="auto"/>
        <property key="RIExTrigs.Five" value="OFF"/>
        <property key="RIExTrigs.Four" value="OFF"/>
        <property key="RIExTrigs.One" value="OFF"/>
        <property key="RIExTrigs.Seven" value="OFF"/>
        <property key="RIExTrigs.Six" value="OFF"/>
        <property key="RIExTrigs.Three" value="OFF"/>
        <property key="RIExTrigs.Two" value="OFF"/>
        <property key="RIExTrigs.Zero" value="OFF"/>
        <property key="SecureSegment.SegmentProgramming" value="FullChipProgramming"/>
        <property key="ToolFirmwareFilePath"
                  value="Press to browse for a specific firmware version"/>
        <property key="ToolFirmwareOption.UseLatestFirmware" value="true"/>
        <property key="debugoptions.useswbreakpoints" value="false"/>
        <property key="hwtoolclock.frcindebug" value="false"/>
        <property key="hwtoolclock.instructionspeed" value="4"/>
        <property key="hwtoolclock.units" value="mips"/>
        <property key="memories.aux" value="false"/>
        <property key="memories.bootflash" value="true"/>
        <property key="memories.configurationmemory" value="true"/>
        <property key="memories.configurationmemory2" value="true"/>
        <property key="memories.dataflash" value="true"/>
        <property key="memories.eeprom" value="true"/>
        <property key="memories.flashdata" value="true"/>
        <property key="memories.id" value="true"/>
        <property key="memories.programmemory" value="true"/>
        <property key="memories.programmemory.end" value="0x1fd17fff"/>
        <property key="memories.programmemory.partition2" value="true"/>
        <property key="memories.programmemory.partition2.end"
                  value="${memories.programmemory.partition2.end.value}"/>
        <property key="memories.programmemory.partition2.start"
                  value="${memories.programmemory.partition2.start.value}"/>
        <property key="memories.programmemory.start" value="0x1fd00000"/>
        <property key="poweroptions.powerenable" value="false"/>
        <property key="programoptions.donoteraseauxmem" value="false"/>
        <property key="programoptions.eraseb4program" value="true"/>
        <property key="programoptions.preservedataflash" value="false"/>
        <property key="programoptions.preserveeeprom" value="false"/>
        <property key="programoptions.preserveprogramrange" value="false"/>
        <property key="programoptions.preserveprogramrange.end" value="0x1fd17fff"/>
        <property key="programoptions.preserveprogramrange.start" value="0x1fd00000"/>
        <property key="programoptions.preserveuserid" value="false"/>
        <property key="programoptions.programcalmem" value="false"/>
        <property key="programoptions.programuserotp" value="false"/>
        <property key="programoptions.usehighvoltageonmclr" value="false"/>
        <property key="programoptions.uselvpprogramming" value="false"/>
        <property key="voltagevalue" value="3.25"/>
      </RealICEPlatformTool>
      <Simulator>
        <property key="codecoverage.enabled" value="Disable"/>
        <property key="codecoverage.enableoutputtofile" value="false"/>
        <property key="codecoverage.outputfile" value=""/>
        <property key="oscillator.auxfrequency" value="120"/>
        <property key="oscillator.auxfrequencyunit" value="Mega"/>
        <property key="oscillator.frequency" value="1"/>
        <property key="oscillator.frequencyunit" value="Mega"/>
        <property key="oscillator.rcfrequency" value="250"/>
        <property key="oscillator.rcfrequencyunit" value="Kilo"/>
        <property key="performancedata.show" value="false"/>
        <property key="periphADC1.altscl" value="false"/>
        <property key="periphADC1.minTacq" value=""/>
        <property key="periphADC1.tacqunits" value="microseconds"/>
        <property key="periphADC2.altscl" value="false"/>
        <property key="periphADC2.minTacq" value=""/>
        <property key="periphADC2.tacqunits" value="microseconds"/>
        <property key="periphComp1.gte" value="gt"/>
        <property key="periphComp2.gte" value="gt"/>
        <property key="periphComp3.gte" value="gt"/>
        <property key="periphComp4.gte" value="gt"/>
        <property key="periphComp5.gte" value="gt"/>
        <property key="periphComp6.gte" value="gt"/>
        <property key="uart10io.output" value="window"/>
        <property key="uart10io.outputfile" value=""/>
        <property key="uart10io.uartioenabled" value="false"/>
        <property key="uart1io.output" value="window"/>
        <property key="uart1io.outputfile" value=""/>
        <property key="uart1io.uartioenabled" value="false"/>
        <property key="uart2io.output" value="window"/>
        <property key="uart2io.outputfile" value=""/>
        <property key="uart2io.uartioenabled" value="false"/>
        <property key="uart3io.output" value="window"/>
        <property key="uart3io.outputfile" value=""/>
        <property key="uart3io.uartioenabled" value="false"/>
        <property key="uart4io.output" value="window"/>
        <property key="uart4io.outputfile" value=""/>
        <property key="uart4io.uartioenabled" value="false"/>
        <property key="uart5io.output" value="window"/>
        <property key="uart5io.outputfile" value=""/>
        <property key="uart5io.uartioenabled" value="false"/>
        <property key="uart6io.output" value="window"/>
        <property key="uart6io.outputfile" value=""/>
        <property key="uart6io.uartioenabled" value="false"/>
        <property key="uart7io.output" value="window"/>
        <property key="uart7io.outputfile" value=""/>
        <property key="uart7io.uartioenabled" value="false"/>
        <property key="uart8io.output" value="window"/>
        <property key="uart8io.outputfile" value=""/>
        <property key="uart8io.uartioenabled" value="false"/>
        <property key="uart9io.output" value="window"/>
        <property key="uart9io.outputfile" value=""/>
        <property key="uart9io.uartioenabled" value="false"/>
        <property key="warningmessagebreakoptions.W0001_CORE_BITREV_MODULO_EN"
                  value="report"/>
        <property key="warningmessagebreakoptions.W0002_CORE_SECURE_MEMORYACCESS"
                  value="report"/>
        <property key="warningmessagebreakoptions.W0003_CORE_SW_RESET" value="report"/>
        <property key="warningmessagebreakoptions.W0004_CORE_WDT_RESET" value="report"/>
        <property key="warningmessagebreakoptions.W0005_CORE_IOPUW_RESET"
                  value="report"/>
        <property key="warningmessagebreakoptions.W0006_CORE_CODE_GUARD_PFC_RESET"
                  value="report"/>
        <property key="warningmessagebreakoptions.W0007_CORE_DO_LOOP_STACK_UNDERFLOW"
                  value="report"/>
        <property key="warningmessagebreakoptions.W0008_CORE_DO_LOOP_STACK_OVERFLOW"
                  value="report"/>
        <property key="warningmessagebreakoptions.W0009_CORE_NESTED_DO_LOOP_RANGE"
                  value="report"/>
        <property key="warningmessagebreakoptions.W0010_CORE_SIM32_ODD_WORDACCESS"
                  value="report"/>
        <property key="warningmessagebreakoptions.W0011_CORE_SIM32_UNIMPLEMENTED_RAMACCESS"
                  value="report"/>
        <property key="warningmessagebreakoptions.W0012_CORE_STACK_OVERFLOW_RESET"
                  value="report"/>
        <property key="warningmessagebreakoptions.W0013_CORE_STACK_UNDERFLOW_RESET"
                  value="report"/>
        <property key="warningmessagebreakoptions.W0014_CORE_STACK_OVERFLOW"
                  value="report"/>
        <property key="warningmessagebreakoptions.W0015_CORE_STACK_UNDERFLOW"
                  value="report"/>
        <property key="warningmessagebreakoptions.W0101_SIM_UPDATE_FAILED"
                  value="report"/>
        <property key="warningmessagebreakoptions.W0102_SIM_PERIPH_MISSING"
                  value="report"/>
        <property key="warningmessagebreakoptions.W0103_SIM_PERIPH_FAILED"
                  value="report"/>
        <property key="warningmessagebreakoptions.W0104_SIM_FAILED_TO_INIT_TOOL"
                  value="report"/>
        <property key="warningmessagebreakoptions.W0201_ADC_NO_STIMULUS_FILE"
                  value="report"/>
        <property key="warningmessagebreakoptions.W0202_ADC_GO_DONE_BIT" value="report"/>
        <property key="warningmessagebreakoptions.W0203_ADC_MINIMUM_2_TAD"
                  value="report"/>
        <property key="warningmessagebreakoptions.W0204_ADC_TAD_TOO_SMALL"
                  value="report"/>
        <property key="warningmessagebreakoptions.W0205_ADC_UNEXPECTED_TRANSITION"
                  value="report"/>
        <property key="warningmessagebreakoptions.W0206_ADC_SAMP_TIME_TOO_SHORT"
                  value="report"/>
        <property key="warningmessagebreakoptions.W0207_ADC_NO_PINS_SCANNED"
                  value="report"/>
        <property key="warningmessagebreakoptions.W0208_ADC_UNSUPPORTED_CLOCK_SOURCE"
                  value="report"/>
        <property key="warningmessagebreakoptions.W0209_ADC_ANALOG_CHANNEL_DIGITAL"
                  value="report"/>
        <property key="warningmessagebreakoptions.W0210_ADC_ANALOG_CHANNEL_OUTPUT"
                  value="report"/>
        <property key="warningmessagebreakoptions.W0211_ADC_PIN_INVALID_CHANNEL"
                  value="report"/>
        <property key="warningmessagebreakoptions.W0212_ADC_BAND_GAP_NOT_SUPPORTED"
                  value="report"/>
        <property key="warningmessagebreakoptions.W0213_ADC_RESERVED_SSRC"
                  value="report"/>
        <property key="warningmessagebreakoptions.W0214_ADC_POSITIVE_INPUT_DIGITAL"
                  value="report"/>
        <property key="warningmessagebreakoptions.W0215_ADC_POSITIVE_INPUT_OUTPUT"
                  value="report"/>
        <property key="warningmessagebreakoptions.W0216_ADC_NEGATIVE_INPUT_DIGITAL"
                  value="report"/>
        <property key="warningmessagebreakoptions.W0217_ADC_NEGATIVE_INPUT_OUTPUT"
                  value="report"/>
        <property key="warningmessagebreakoptions.W0218_ADC_REFERENCE_HIGH_DIGITAL"
                  value="report"/>
        <property key="warningmessagebreakoptions.W0219_ADC_REFERENCE_HIGH_OUTPUT"
                  value="report"/>
        <property key="warningmessagebreakoptions.W0220_ADC_REFERENCE_LOW_DIGITAL"
                  value="report"/>
        <property key="warningmessagebreakoptions.W0221_ADC_REFERENCE_LOW_OUTPUT"
                  value="report"/>
        <property key="warningmessagebreakoptions.W0222_ADC_OVERFLOW" value="report"/>
        <property key="warningmessagebreakoptions.W0223_ADC_UNDERFLOW" value="report"/>
        <property key="warningmessagebreakoptions.W0224_ADC_CTMU_NOT_SUPPORTED"
                  value="report"/>
        <property key="warningmessagebreakoptions.W0225_ADC_INVALID_CH0S"
                  value="report"/>
        <property key="warningmessagebreakoptions.W0226_ADC_VBAT_NOT_SUPPORTED"
                  value="report"/>
        <property key="warningmessagebreakoptions.W0227_ADC_INVALID_ADCS"
                  value="report"/>
        <property key="warningmessagebreakoptions.W1201_DATAFLASH_MEM_OUTSIDE_RANGE"
                  value="report"/>
        <property key="warningmessagebreakoptions.W1202_DATAFLASH_ERASE_WHILE_LOCKED"
                  value="report"/>
        <property key="warningmessagebreakoptions.W1203_DATAFLASH_WRITE_WHILE_LOCKED"
                  value="report"/>
        <property key="warningmessagebreakoptions.W1401_DMA_PERIPH_NOT_AVAIL"
                  value="report"/>
        <property key="warningmessagebreakoptions.W1402_DMA_INVALID_IRQ" value="report"/>
        <property key="warningmessagebreakoptions.W1403_DMA_INVALID_SFR" value="report"/>
        <property key="warningmessagebreakoptions.W1404_DMA_INVALID_DMA_ADDR"
                  value="report"/>
        <property key="warningmessagebreakoptions.W1405_DMA_IRQ_DIR_MISMATCH"
                  value="report"/>
        <property key="warningmessagebreakoptions.W2001_INPUTCAPTURE_TMR3_UNAVAILABLE"
                  value="report"/>
        <property key="warningmessagebreakoptions.W2002_INPUTCAPTURE_CAPTURE_EMPTY"
                  value="report"/>
        <property key="warningmessagebreakoptions.W9001_TMR_GATE_AND_EXTCLOCK_ENABLED"
                  value="report"/>
        <property key="warningmessagebreakoptions.W9002_TMR_NO_PIN_AVAILABLE"
                  value="report"/>
        <property key="warningmessagebreakoptions.W9003_TMR_INVALID_CLOCK_SOURCE"
                  value="report"/>
        <property key="warningmessagebreakoptions.W9201_UART_TX_OVERFLOW"
                  value="report"/>
        <property key="warningmessagebreakoptions.W9202_UART_TX_CAPTUREFILE"
                  value="report"/>
        <property key="warningmessagebreakoptions.W9203_UART_TX_INVALIDINTERRUPTMODE"
                  value="report"/>
        <property key="warningmessagebreakoptions.W9204_UART_RX_EMPTY_QUEUE"
                  value="report"/>
        <property key="warningmessagebreakoptions.W9205_UART_TX_BADFILE" value="report"/>
        <property key="warningmessagebreakoptions.W9801_SCL_BAD_SUBTYPE_INDICATION"
                  value="report"/>
        <property key="warningmessagebreakoptions.W9802_SCL_FILE_NOT_FOUND"
                  value="report"/>
        <property key="warningmessagebreakoptions.W9803_SCL_FAILED_TO_READ_FILE"
                  value="report"/>
        <property key="warningmessagebreakoptions.W9804_SCL_UNRECOGNIZED_LABEL"
                  value="report"/>
        <property key="warningmessagebreakoptions.W9805_SCL_UNRECOGNIZED_VAR"
                  value="report"/>
        <property key="warningmessagebreakoptions.displaywarningmessagesoption"
                  value=""/>
        <property key="warningmessagebreakoptions.warningmessages" value="holdstate"/>
      </Simulator>
    </conf>
  </confs>
</configurationDescriptor>
