<?xml version="1.0" encoding="UTF-8"?>
<configurationDescriptor version="62">
  <projectmakefile>Makefile</projectmakefile>
  <defaultConf>0</defaultConf>
  <confs>
    <conf name="PIC32MZ2048_SK" type="2">
      <platformToolSN>:=MPLABComm-USB-Microchip:=&lt;vid>04D8:=&lt;pid>8107:=&lt;rev>0002:=&lt;man>Microchip Technology Incorporated:=&lt;prod>PIC32MZ EC Family:=&lt;sn>MTI132990155:=&lt;drv>x:=&lt;xpt>h:=end</platformToolSN>
      <languageToolchainDir>C:\devtools\Microchip\xc32\v1.44\bin</languageToolchainDir>
      <mdbdebugger version="1">
        <placeholder1>place holder 1</placeholder1>
        <placeholder2>place holder 2</placeholder2>
      </mdbdebugger>
      <runprofile version="6">
        <args></args>
        <rundir></rundir>
        <buildfirst>true</buildfirst>
        <console-type>0</console-type>
        <terminal-type>0</terminal-type>
        <remove-instrumentation>0</remove-instrumentation>
        <environment>
        </environment>
      </runprofile>
    </conf>
    <conf name="PIC32MZ2048EF_SK_SOFT_FLOAT" type="2">
      <platformToolSN>:=MPLABComm-USB-Microchip:=&lt;vid>04D8:=&lt;pid>8107:=&lt;rev>0002:=&lt;man>Microchip Technology Incorporated:=&lt;prod>PIC32MZ EF Family:=&lt;sn>BUR153124004:=&lt;drv>x:=&lt;xpt>h:=end</platformToolSN>
      <languageToolchainDir>C:\devtools\Microchip\xc32\v1.44\bin</languageToolchainDir>
      <mdbdebugger version="1">
        <placeholder1>place holder 1</placeholder1>
        <placeholder2>place holder 2</placeholder2>
      </mdbdebugger>
      <runprofile version="6">
        <args></args>
        <rundir></rundir>
        <buildfirst>true</buildfirst>
        <console-type>0</console-type>
        <terminal-type>0</terminal-type>
        <remove-instrumentation>0</remove-instrumentation>
        <environment>
        </environment>
      </runprofile>
    </conf>
    <conf name="PIC32MZ2048EF_SK_HARD_FLOAT" type="2">
      <platformToolSN>:=MPLABComm-USB-Microchip:=&lt;vid>04D8:=&lt;pid>8107:=&lt;rev>0002:=&lt;man>Microchip Technology Incorporated:=&lt;prod>PIC32MZ EC Family:=&lt;sn>MTI132990155:=&lt;drv>x:=&lt;xpt>h:=end</platformToolSN>
      <languageToolchainDir>C:\devtools\Microchip\xc32\v1.44\bin</languageToolchainDir>
      <mdbdebugger version="1">
        <placeholder1>place holder 1</placeholder1>
        <placeholder2>place holder 2</placeholder2>
      </mdbdebugger>
      <runprofile version="6">
        <args></args>
        <rundir></rundir>
        <buildfirst>true</buildfirst>
        <console-type>0</console-type>
        <terminal-type>0</terminal-type>
        <remove-instrumentation>0</remove-instrumentation>
        <environment>
        </environment>
      </runprofile>
    </conf>
  </confs>
</configurationDescriptor>
